Job ID,partition,nodes,taskspernode,threadspertask,error_code,internal_runtime[s],total_runtime[s],scale,edgefactor,bfs_harmonic_mean_teps,sssp_harmonic_mean_teps,bfs_harmonic_mean_cut_teps,sssp_harmonic_mean_cut_teps,mpi_modules,prep_commands
17916,cn-ib,1,1,128,0,0.01,2.76,14,8,60860100.0,18711400.0,0.0,0.0,GCC/14.1.0 OpenMPI/5.0.3,CFLAGS="-DBENCHPIN"
17917,cn-ib,1,1,128,0,0.0,4.42,14,16,63656700.0,21287000.0,0.0,0.0,GCC/14.1.0 OpenMPI/5.0.3,CFLAGS="-DBENCHPIN"
17918,cn-ib,1,1,128,0,0.01,5.52,14,32,65812600.0,22543300.0,0.0,0.0,GCC/14.1.0 OpenMPI/5.0.3,CFLAGS="-DBENCHPIN"
17919,cn-ib,1,1,128,0,0.01,6.4,16,8,53714600.0,16534500.0,0.0,0.0,GCC/14.1.0 OpenMPI/5.0.3,CFLAGS="-DBENCHPIN"
17920,cn-ib,1,1,128,0,0.0,10.34,16,16,57983900.0,18413600.0,0.0,0.0,GCC/14.1.0 OpenMPI/5.0.3,CFLAGS="-DBENCHPIN"
17921,cn-ib,1,1,128,0,0.0,19.06,16,32,63206800.0,17443700.0,0.0,0.0,GCC/14.1.0 OpenMPI/5.0.3,CFLAGS="-DBENCHPIN"
17922,cn-ib,1,1,128,0,0.01,120.15,20,8,40042500.0,7875170.0,0.0,0.0,GCC/14.1.0 OpenMPI/5.0.3,CFLAGS="-DBENCHPIN"
17923,cn-ib,1,1,128,0,0.0,227.4,20,16,46198400.0,8089760.0,0.0,0.0,GCC/14.1.0 OpenMPI/5.0.3,CFLAGS="-DBENCHPIN"
17924,cn-ib,1,1,128,0,0.02,433.58,20,32,52418700.0,8424990.0,0.0,0.0,GCC/14.1.0 OpenMPI/5.0.3,CFLAGS="-DBENCHPIN"
17925,cn-ib,2,1,128,0,0.0,2.82,14,8,43890700.0,18838500.0,21985600.0,9436520.0,GCC/14.1.0 OpenMPI/5.0.3,CFLAGS="-DBENCHPIN"
17926,cn-ib,2,1,128,0,0.02,3.54,14,16,42338500.0,20649900.0,21274400.0,10376200.0,GCC/14.1.0 OpenMPI/5.0.3,CFLAGS="-DBENCHPIN"
17927,cn-ib,2,1,128,0,0.0,5.34,14,32,41450900.0,21432000.0,20772400.0,10740200.0,GCC/14.1.0 OpenMPI/5.0.3,CFLAGS="-DBENCHPIN"
17928,cn-ib,2,1,128,0,0.0,5.73,16,8,38282300.0,18764700.0,19187500.0,9405050.0,GCC/14.1.0 OpenMPI/5.0.3,CFLAGS="-DBENCHPIN"
17929,cn-ib,2,1,128,0,0.02,9.71,16,16,38629100.0,18573400.0,19345800.0,9301750.0,GCC/14.1.0 OpenMPI/5.0.3,CFLAGS="-DBENCHPIN"
17930,cn-ib,2,1,128,0,0.0,17.7,16,32,39665400.0,18080100.0,19847000.0,9046550.0,GCC/14.1.0 OpenMPI/5.0.3,CFLAGS="-DBENCHPIN"
17931,cn-ib,2,1,128,0,0.01,93.62,20,8,31366600.0,10560500.0,15672800.0,5276690.0,GCC/14.1.0 OpenMPI/5.0.3,CFLAGS="-DBENCHPIN"
17932,cn-ib,2,1,128,0,0.01,178.28,20,16,33425500.0,10549600.0,16707200.0,5273030.0,GCC/14.1.0 OpenMPI/5.0.3,CFLAGS="-DBENCHPIN"
17933,cn-ib,2,1,128,0,0.03,346.52,20,32,35249200.0,10645100.0,17624700.0,5322590.0,GCC/14.1.0 OpenMPI/5.0.3,CFLAGS="-DBENCHPIN"
17934,cn-ib,4,1,128,0,0.02,3.16,14,8,87680900.0,30835100.0,65935200.0,23187700.0,GCC/14.1.0 OpenMPI/5.0.3,CFLAGS="-DBENCHPIN"
17935,cn-ib,4,1,128,0,0.01,3.51,14,16,90099100.0,35246500.0,67787900.0,26518400.0,GCC/14.1.0 OpenMPI/5.0.3,CFLAGS="-DBENCHPIN"
17936,cn-ib,4,1,128,0,0.02,4.63,14,32,76685900.0,36744500.0,57615700.0,27606900.0,GCC/14.1.0 OpenMPI/5.0.3,CFLAGS="-DBENCHPIN"
17937,cn-ib,4,1,128,0,0.01,4.71,16,8,77060800.0,33454200.0,57837900.0,25109100.0,GCC/14.1.0 OpenMPI/5.0.3,CFLAGS="-DBENCHPIN"
17938,cn-ib,4,1,128,0,0.01,7.2,16,16,63871400.0,32119700.0,47913900.0,24095000.0,GCC/14.1.0 OpenMPI/5.0.3,CFLAGS="-DBENCHPIN"
17939,cn-ib,4,1,128,0,0.02,12.12,16,32,58640200.0,31690900.0,43993500.0,23775400.0,GCC/14.1.0 OpenMPI/5.0.3,CFLAGS="-DBENCHPIN"
17940,cn-ib,4,1,128,0,0.02,56.54,20,8,44473600.0,19121100.0,33357200.0,14341700.0,GCC/14.1.0 OpenMPI/5.0.3,CFLAGS="-DBENCHPIN"
17941,cn-ib,4,1,128,0,0.01,111.38,20,16,44985900.0,17446200.0,33738800.0,13084300.0,GCC/14.1.0 OpenMPI/5.0.3,CFLAGS="-DBENCHPIN"
17942,cn-ib,4,1,128,0,0.0,217.06,20,32,46790200.0,16692100.0,35092600.0,12519100.0,GCC/14.1.0 OpenMPI/5.0.3,CFLAGS="-DBENCHPIN"
17943,cn-eth,1,1,128,0,0.01,2.82,14,8,60768600.0,18573400.0,0.0,0.0,GCC/14.1.0 OpenMPI/5.0.3,CFLAGS="-DBENCHPIN"
17944,cn-eth,1,1,128,0,0.0,3.71,14,16,63565300.0,21337300.0,0.0,0.0,GCC/14.1.0 OpenMPI/5.0.3,CFLAGS="-DBENCHPIN"
17945,cn-eth,1,1,128,0,0.01,5.52,14,32,66360500.0,22762900.0,0.0,0.0,GCC/14.1.0 OpenMPI/5.0.3,CFLAGS="-DBENCHPIN"
17946,cn-eth,1,1,128,0,0.02,6.42,16,8,53523700.0,16263500.0,0.0,0.0,GCC/14.1.0 OpenMPI/5.0.3,CFLAGS="-DBENCHPIN"
17947,cn-eth,1,1,128,0,0.02,10.54,16,16,58314100.0,17979900.0,0.0,0.0,GCC/14.1.0 OpenMPI/5.0.3,CFLAGS="-DBENCHPIN"
17948,cn-eth,1,1,128,0,0.01,19.65,16,32,59437700.0,16863600.0,0.0,0.0,GCC/14.1.0 OpenMPI/5.0.3,CFLAGS="-DBENCHPIN"
17949,cn-eth,1,1,128,0,0.02,120.29,20,8,39718900.0,7817690.0,0.0,0.0,GCC/14.1.0 OpenMPI/5.0.3,CFLAGS="-DBENCHPIN"
17950,cn-eth,1,1,128,0,0.0,225.82,20,16,45985700.0,8195170.0,0.0,0.0,GCC/14.1.0 OpenMPI/5.0.3,CFLAGS="-DBENCHPIN"
17951,cn-eth,1,1,128,0,0.0,429.55,20,32,52367000.0,8560680.0,0.0,0.0,GCC/14.1.0 OpenMPI/5.0.3,CFLAGS="-DBENCHPIN"
17952,cn-eth,2,1,128,0,0.01,2.73,14,8,43718300.0,18867200.0,21899200.0,9450910.0,GCC/14.1.0 OpenMPI/5.0.3,CFLAGS="-DBENCHPIN"
17953,cn-eth,2,1,128,0,0.01,3.53,14,16,42668500.0,21347200.0,21440200.0,10726600.0,GCC/14.1.0 OpenMPI/5.0.3,CFLAGS="-DBENCHPIN"
17954,cn-eth,2,1,128,0,0.0,5.4,14,32,41241600.0,21280800.0,20667500.0,10664500.0,GCC/14.1.0 OpenMPI/5.0.3,CFLAGS="-DBENCHPIN"
17955,cn-eth,2,1,128,0,0.01,5.75,16,8,38521900.0,18699600.0,19307600.0,9372420.0,GCC/14.1.0 OpenMPI/5.0.3,CFLAGS="-DBENCHPIN"
17956,cn-eth,2,1,128,0,0.0,9.78,16,16,38086700.0,18504300.0,19074200.0,9267150.0,GCC/14.1.0 OpenMPI/5.0.3,CFLAGS="-DBENCHPIN"
17957,cn-eth,2,1,128,0,0.02,17.64,16,32,39481700.0,18344000.0,19755100.0,9178630.0,GCC/14.1.0 OpenMPI/5.0.3,CFLAGS="-DBENCHPIN"
17958,cn-eth,2,1,128,0,0.02,93.7,20,8,31398900.0,10558100.0,15688900.0,5275490.0,GCC/14.1.0 OpenMPI/5.0.3,CFLAGS="-DBENCHPIN"
17959,cn-eth,2,1,128,0,0.02,178.19,20,16,33445800.0,10484000.0,16717300.0,5240230.0,GCC/14.1.0 OpenMPI/5.0.3,CFLAGS="-DBENCHPIN"
17960,cn-eth,2,1,128,0,0.01,348.46,20,32,35448700.0,10531800.0,17724500.0,5265940.0,GCC/14.1.0 OpenMPI/5.0.3,CFLAGS="-DBENCHPIN"
17961,cn-eth,4,1,128,0,0.0,2.36,14,8,85362700.0,29165900.0,64191900.0,21932500.0,GCC/14.1.0 OpenMPI/5.0.3,CFLAGS="-DBENCHPIN"
17962,cn-eth,4,1,128,0,0.02,2.79,14,16,89426500.0,35282400.0,67281800.0,26545400.0,GCC/14.1.0 OpenMPI/5.0.3,CFLAGS="-DBENCHPIN"
17963,cn-eth,4,1,128,0,0.01,3.86,14,32,77211400.0,36614700.0,58010400.0,27509300.0,GCC/14.1.0 OpenMPI/5.0.3,CFLAGS="-DBENCHPIN"
17964,cn-eth,4,1,128,0,0.01,4.05,16,8,77441400.0,32864400.0,58123600.0,24666300.0,GCC/14.1.0 OpenMPI/5.0.3,CFLAGS="-DBENCHPIN"
17965,cn-eth,4,1,128,0,0.0,6.43,16,16,64951400.0,32576400.0,48724100.0,24437600.0,GCC/14.1.0 OpenMPI/5.0.3,CFLAGS="-DBENCHPIN"
17966,cn-eth,4,1,128,0,0.0,11.42,16,32,59267800.0,31540000.0,44464400.0,23662200.0,GCC/14.1.0 OpenMPI/5.0.3,CFLAGS="-DBENCHPIN"
17967,cn-eth,4,1,128,0,0.0,55.82,20,8,44656700.0,19085100.0,33494500.0,14314700.0,GCC/14.1.0 OpenMPI/5.0.3,CFLAGS="-DBENCHPIN"
17968,cn-eth,4,1,128,0,0.0,110.34,20,16,45129700.0,17368500.0,33846600.0,13026100.0,GCC/14.1.0 OpenMPI/5.0.3,CFLAGS="-DBENCHPIN"
17969,cn-eth,4,1,128,0,0.02,217.43,20,32,46790800.0,16571200.0,35093000.0,12428400.0,GCC/14.1.0 OpenMPI/5.0.3,CFLAGS="-DBENCHPIN"
18583,cn-eth,8,1,128,0,0.0,2.86,14,8,134969000.0,32825800.0,118288000.0,28768900.0,GCC/14.1.0 OpenMPI/5.0.3,CFLAGS="-DBENCHPIN"
18584,cn-eth,8,1,128,0,0.0,2.49,14,16,161563000.0,48619900.0,141657000.0,42629600.0,GCC/14.1.0 OpenMPI/5.0.3,CFLAGS="-DBENCHPIN"
18585,cn-eth,8,1,128,0,0.01,3.06,14,32,176562000.0,63615000.0,154729000.0,55748900.0,GCC/14.1.0 OpenMPI/5.0.3,CFLAGS="-DBENCHPIN"
18586,cn-eth,8,1,128,0,0.01,3.13,16,8,172344000.0,55704600.0,150845000.0,48755700.0,GCC/14.1.0 OpenMPI/5.0.3,CFLAGS="-DBENCHPIN"
18587,cn-eth,8,1,128,0,0.01,4.17,16,16,178305000.0,70331200.0,156026000.0,61543500.0,GCC/14.1.0 OpenMPI/5.0.3,CFLAGS="-DBENCHPIN"
18588,cn-eth,8,1,128,0,0.01,6.56,16,32,170650000.0,70748400.0,149353000.0,61918800.0,GCC/14.1.0 OpenMPI/5.0.3,CFLAGS="-DBENCHPIN"
18589,cn-eth,8,1,128,0,0.01,26.23,20,8,116763000.0,51017200.0,102175000.0,44643500.0,GCC/14.1.0 OpenMPI/5.0.3,CFLAGS="-DBENCHPIN"
18590,cn-eth,8,1,128,0,0.0,49.9,20,16,98864800.0,45370100.0,86512200.0,39701300.0,GCC/14.1.0 OpenMPI/5.0.3,CFLAGS="-DBENCHPIN"
18591,cn-eth,8,1,128,0,0.01,106.41,20,32,86560600.0,37725600.0,75742400.0,33010700.0,GCC/14.1.0 OpenMPI/5.0.3,CFLAGS="-DBENCHPIN"